#SampleID	BarcodeSequence	LinkerPrimerSequence	ReverseBarcode	ReversePrimerSequence	Host	Experiment	Temperature	Dilution	Diet	phinchID	Description
CYPRCOL1	AACGCTAA	TATGGTAATTGTGTGCCAGCMGCCGCGGTAA	GACTGGTT	AGTCAGTCAGCCGGACTACHVGGGTWTCTAAT	Cyprichromis coloratus	Phase I			copepodids	Cyprichromis_coloratus	
CYPRCOL2	AACGCTAA	TATGGTAATTGTGTGCCAGCMGCCGCGGTAA	TTAGCGTT	AGTCAGTCAGCCGGACTACHVGGGTWTCTAAT	Cyprichromis coloratus	Phase I			copepodids	Cyprichromis_coloratus	
CYPRCOL3	AACGCTAA	TATGGTAATTGTGTGCCAGCMGCCGCGGTAA	GTAGTCTT	AGTCAGTCAGCCGGACTACHVGGGTWTCTAAT	Cyprichromis coloratus	Phase I			copepodids	Cyprichromis_coloratus	
CYPRCOL4	AACGCTAA	TATGGTAATTGTGTGCCAGCMGCCGCGGTAA	TATCGATT	AGTCAGTCAGCCGGACTACHVGGGTWTCTAAT	Cyprichromis coloratus	Phase I			copepodids	Cyprichromis_coloratus	
CYPRCOL5	AACGCTAA	TATGGTAATTGTGTGCCAGCMGCCGCGGTAA	CAATTGGT	AGTCAGTCAGCCGGACTACHVGGGTWTCTAAT	Cyprichromis coloratus	Phase I			copepodids	Cyprichromis_coloratus	
CYPRCOL6	AACGCTAA	TATGGTAATTGTGTGCCAGCMGCCGCGGTAA	ACTTCAGT	AGTCAGTCAGCCGGACTACHVGGGTWTCTAAT	Cyprichromis coloratus	Phase I			copepodids	Cyprichromis_coloratus	
HAPLMIC1	AACGCTAA	TATGGTAATTGTGTGCCAGCMGCCGCGGTAA	GCGGCAAT	AGTCAGTCAGCCGGACTACHVGGGTWTCTAAT	Haplotaxodon microlepis	Phase I			zooplankton	Haplotaxodon_microlepis	
HAPLMIC2	AACGCTAA	TATGGTAATTGTGTGCCAGCMGCCGCGGTAA	TAAGGTTG	AGTCAGTCAGCCGGACTACHVGGGTWTCTAAT	Haplotaxodon microlepis	Phase I			zooplankton	Haplotaxodon_microlepis	
HAPLMIC3	AACGCTAA	TATGGTAATTGTGTGCCAGCMGCCGCGGTAA	TTATTAGG	AGTCAGTCAGCCGGACTACHVGGGTWTCTAAT	Haplotaxodon microlepis	Phase I			zooplankton	Haplotaxodon_microlepis	
HAPLMIC4	AACGCTAA	TATGGTAATTGTGTGCCAGCMGCCGCGGTAA	ATCAGAGG	AGTCAGTCAGCCGGACTACHVGGGTWTCTAAT	Haplotaxodon microlepis	Phase I			zooplankton	Haplotaxodon_microlepis	
HAPLMIC5	AACGCTAA	TATGGTAATTGTGTGCCAGCMGCCGCGGTAA	CTCGACCG	AGTCAGTCAGCCGGACTACHVGGGTWTCTAAT	Haplotaxodon microlepis	Phase I			zooplankton	Haplotaxodon_microlepis	
HAPLMIC6	AACGCTAA	TATGGTAATTGTGTGCCAGCMGCCGCGGTAA	GCCATTAG	AGTCAGTCAGCCGGACTACHVGGGTWTCTAAT	Haplotaxodon microlepis	Phase I			zooplankton	Haplotaxodon_microlepis	
TRIGOTO1	AACGCTAA	TATGGTAATTGTGTGCCAGCMGCCGCGGTAA	CGCATGAG	AGTCAGTCAGCCGGACTACHVGGGTWTCTAAT	Triglachromis otostigma	Phase I			zooplankton	Triglachromis_otostigma	
TRIGOTO2	AACGCTAA	TATGGTAATTGTGTGCCAGCMGCCGCGGTAA	CTCCGTTC	AGTCAGTCAGCCGGACTACHVGGGTWTCTAAT	Triglachromis otostigma	Phase I			zooplankton	Triglachromis_otostigma	
TRIGOTO3	AACGCTAA	TATGGTAATTGTGTGCCAGCMGCCGCGGTAA	GCGTAGGC	AGTCAGTCAGCCGGACTACHVGGGTWTCTAAT	Triglachromis otostigma	Phase I			zooplankton	Triglachromis_otostigma	
TRIGOTO4	AACGCTAA	TATGGTAATTGTGTGCCAGCMGCCGCGGTAA	GGTAACGC	AGTCAGTCAGCCGGACTACHVGGGTWTCTAAT	Triglachromis otostigma	Phase I			zooplankton	Triglachromis_otostigma	
TRIGOTO5	AACGCTAA	TATGGTAATTGTGTGCCAGCMGCCGCGGTAA	CAGCCTCC	AGTCAGTCAGCCGGACTACHVGGGTWTCTAAT	Triglachromis otostigma	Phase I			zooplankton	Triglachromis_otostigma	
TRIGOTO6	AACGCTAA	TATGGTAATTGTGTGCCAGCMGCCGCGGTAA	TGGCATCC	AGTCAGTCAGCCGGACTACHVGGGTWTCTAAT	Triglachromis otostigma	Phase I			zooplankton	Triglachromis_otostigma	
LEPIPRO1	AACGCTAA	TATGGTAATTGTGTGCCAGCMGCCGCGGTAA	CCTAATCC	AGTCAGTCAGCCGGACTACHVGGGTWTCTAAT	Lepidiolamprologus profundicola	Phase I			fish	Lepidiolamprologus_profundicola	
TROPMOO1	AACGCTAA	TATGGTAATTGTGTGCCAGCMGCCGCGGTAA	CGGCCAAC	AGTCAGTCAGCCGGACTACHVGGGTWTCTAAT	Tropheus moorii	Phase I			plants	Tropheus_moorii	
CHALBRI1	AACGCTAA	TATGGTAATTGTGTGCCAGCMGCCGCGGTAA	AGTTAATA	AGTCAGTCAGCCGGACTACHVGGGTWTCTAAT	Chalinochromis brichardi	Phase I			zoobenthos	Chalinochromis_brichardi	
TANGIRA1	AACGCTAA	TATGGTAATTGTGTGCCAGCMGCCGCGGTAA	AGCAGTCA	AGTCAGTCAGCCGGACTACHVGGGTWTCTAAT	Tanganicodus irsacae	Phase I			zoobenthos	Tanganicodus_irsacae	
LOBOLAB1	AACGCTAA	TATGGTAATTGTGTGCCAGCMGCCGCGGTAA	AATCGCCA	AGTCAGTCAGCCGGACTACHVGGGTWTCTAAT	Lobochilotes labiatus	Phase I			zoobenthos	Lobochilotes_labiatus	
NEOLBUS1	AACGCTAA	TATGGTAATTGTGTGCCAGCMGCCGCGGTAA	TCGCTGAA	AGTCAGTCAGCCGGACTACHVGGGTWTCTAAT	Neolamprologus buescheri	Phase I			larva	Neolamprologus_buescheri	
TREMBEN1	CAACCTTA	TATGGTAATTGTGTGCCAGCMGCCGCGGTAA	GACTGGTT	AGTCAGTCAGCCGGACTACHVGGGTWTCTAAT	Trematochromis benthicola	Phase I			zooplankton	Trematochromis_benthicola	
XENOFLA1	CAACCTTA	TATGGTAATTGTGTGCCAGCMGCCGCGGTAA	TTAGCGTT	AGTCAGTCAGCCGGACTACHVGGGTWTCTAAT	Xenotilapia flavipinnis	Phase I			zoobenthos	Xenotilapia_flavipinnis	
KITCNT1	CAACCTTA	TATGGTAATTGTGTGCCAGCMGCCGCGGTAA	GTAGTCTT	AGTCAGTCAGCCGGACTACHVGGGTWTCTAAT	Kit control	Phase I				Kit_control	
CHARCNT	CAACCTTA	TATGGTAATTGTGTGCCAGCMGCCGCGGTAA	TATCGATT	AGTCAGTCAGCCGGACTACHVGGGTWTCTAAT	Charcoal control	Phase I				Charcoal_control	
WATERCNT	CAACCTTA	TATGGTAATTGTGTGCCAGCMGCCGCGGTAA	CAATTGGT	AGTCAGTCAGCCGGACTACHVGGGTWTCTAAT	Water control	Phase I				Water_control	
FOOD	CAACCTTA	TATGGTAATTGTGTGCCAGCMGCCGCGGTAA	ACTTCAGT	AGTCAGTCAGCCGGACTACHVGGGTWTCTAAT	Food	Phase I				Food	
Neg.Control.1	CAACCTTA	TATGGTAATTGTGTGCCAGCMGCCGCGGTAA	TAAGGTTG	AGTCAGTCAGCCGGACTACHVGGGTWTCTAAT		Phase I				Control_1	
CYPRCOL1.2	TTGGCTAT	TATGGTAATTGTGTGCCAGCMGCCGCGGTAA	GACTGGTT	AGTCAGTCAGCCGGACTACHVGGGTWTCTAAT	Cyprichromis coloratus	Phase II			copepodids	Cyprichromis_coloratus	
CYPRCOL2.2	TTGGCTAT	TATGGTAATTGTGTGCCAGCMGCCGCGGTAA	TTAGCGTT	AGTCAGTCAGCCGGACTACHVGGGTWTCTAAT	Cyprichromis coloratus	Phase II			copepodids	Cyprichromis_coloratus	
HAPMIC1.2	TTGGCTAT	TATGGTAATTGTGTGCCAGCMGCCGCGGTAA	GTAGTCTT	AGTCAGTCAGCCGGACTACHVGGGTWTCTAAT	Haplotaxodon microlepis	Phase II			zooplankton	Haplotaxodon_microlepis	
HAPMIC2.2	TTGGCTAT	TATGGTAATTGTGTGCCAGCMGCCGCGGTAA	TATCGATT	AGTCAGTCAGCCGGACTACHVGGGTWTCTAAT	Haplotaxodon microlepis	Phase II			zooplankton	Haplotaxodon_microlepis	
HAPMIC3.2	TTGGCTAT	TATGGTAATTGTGTGCCAGCMGCCGCGGTAA	CAATTGGT	AGTCAGTCAGCCGGACTACHVGGGTWTCTAAT	Haplotaxodon microlepis	Phase II			zooplankton	Haplotaxodon_microlepis	
HAPMIC4.2	TTGGCTAT	TATGGTAATTGTGTGCCAGCMGCCGCGGTAA	ACTTCAGT	AGTCAGTCAGCCGGACTACHVGGGTWTCTAAT	Haplotaxodon microlepis	Phase II			zooplankton	Haplotaxodon_microlepis	
HAPMIC5.2	TTGGCTAT	TATGGTAATTGTGTGCCAGCMGCCGCGGTAA	GCGGCAAT	AGTCAGTCAGCCGGACTACHVGGGTWTCTAAT	Haplotaxodon microlepis	Phase II			zooplankton	Haplotaxodon_microlepis	
HAPMIC6.2	TTGGCTAT	TATGGTAATTGTGTGCCAGCMGCCGCGGTAA	TAAGGTTG	AGTCAGTCAGCCGGACTACHVGGGTWTCTAAT	Haplotaxodon microlepis	Phase II			zooplankton	Haplotaxodon_microlepis	
TRIGOTO1.2	TTGGCTAT	TATGGTAATTGTGTGCCAGCMGCCGCGGTAA	TTATTAGG	AGTCAGTCAGCCGGACTACHVGGGTWTCTAAT	Triglachromis otostigma	Phase II			zooplankton	Triglachromis_otostigma	
TRIGOTO2.2	TTGGCTAT	TATGGTAATTGTGTGCCAGCMGCCGCGGTAA	ATCAGAGG	AGTCAGTCAGCCGGACTACHVGGGTWTCTAAT	Triglachromis otostigma	Phase II			zooplankton	Triglachromis_otostigma	
TRIGOTO3.2	TTGGCTAT	TATGGTAATTGTGTGCCAGCMGCCGCGGTAA	CTCGACCG	AGTCAGTCAGCCGGACTACHVGGGTWTCTAAT	Triglachromis otostigma	Phase II			zooplankton	Triglachromis_otostigma	
CHALBRI.2	TTGGCTAT	TATGGTAATTGTGTGCCAGCMGCCGCGGTAA	GCCATTAG	AGTCAGTCAGCCGGACTACHVGGGTWTCTAAT	Chalinochromis brichardi	Phase II			zoobenthos	Chalinochromis_brichardi	
TANGIRA.2	TTGGCTAT	TATGGTAATTGTGTGCCAGCMGCCGCGGTAA	CGCATGAG	AGTCAGTCAGCCGGACTACHVGGGTWTCTAAT	Tanganicodus irsacae	Phase II			zoobenthos	Tanganicodus_irsacae	
LOBOLAB.2	TTGGCTAT	TATGGTAATTGTGTGCCAGCMGCCGCGGTAA	CTCCGTTC	AGTCAGTCAGCCGGACTACHVGGGTWTCTAAT	Lobochilotes labiatus	Phase II			zoobenthos	Lobochilotes_labiatus	
NEOLBUS.2	TTGGCTAT	TATGGTAATTGTGTGCCAGCMGCCGCGGTAA	GCGTAGGC	AGTCAGTCAGCCGGACTACHVGGGTWTCTAAT	Neolamprologus buescheri	Phase II			larva	Neolamprologus_buescheri	
TREMBEN.2	TTGGCTAT	TATGGTAATTGTGTGCCAGCMGCCGCGGTAA	GGTAACGC	AGTCAGTCAGCCGGACTACHVGGGTWTCTAAT	Trematochromis benthicola	Phase II			zooplankton	Trematochromis_benthicola	
KITCNT2	TTGGCTAT	TATGGTAATTGTGTGCCAGCMGCCGCGGTAA	CAGCCTCC	AGTCAGTCAGCCGGACTACHVGGGTWTCTAAT						Control_2	
PLECSTA1	TTGGCTAT	TATGGTAATTGTGTGCCAGCMGCCGCGGTAA	TGGCATCC	AGTCAGTCAGCCGGACTACHVGGGTWTCTAAT	Plecodus straeleni	Phase I			scales	Plecodus_straeleni	
PERIMIC1	TTGGCTAT	TATGGTAATTGTGTGCCAGCMGCCGCGGTAA	CCTAATCC	AGTCAGTCAGCCGGACTACHVGGGTWTCTAAT	Perissodus microlepis	Phase I			scales	Perissodus_microlepis	
REGACAL1	TTGGCTAT	TATGGTAATTGTGTGCCAGCMGCCGCGGTAA	CGGCCAAC	AGTCAGTCAGCCGGACTACHVGGGTWTCTAAT	Reganochromis calliurus	Phase I			shrimp	Reganochromis_calliurus	
Neg.Control.2	TTGGCTAT	TATGGTAATTGTGTGCCAGCMGCCGCGGTAA	AGCAGTCA	AGTCAGTCAGCCGGACTACHVGGGTWTCTAAT		Phase II				Control_3	
0.45	CGGTCGAG	TATGGTAATTGTGTGCCAGCMGCCGCGGTAA	GACTGGTT	AGTCAGTCAGCCGGACTACHVGGGTWTCTAAT		Dilution	45	0		x0_45	
1.45	CGGTCGAG	TATGGTAATTGTGTGCCAGCMGCCGCGGTAA	TTAGCGTT	AGTCAGTCAGCCGGACTACHVGGGTWTCTAAT		Dilution	45	1		x1_45	
x5.45	CGGTCGAG	TATGGTAATTGTGTGCCAGCMGCCGCGGTAA	GTAGTCTT	AGTCAGTCAGCCGGACTACHVGGGTWTCTAAT		Dilution	45	5		x5_45	
x25.45	CGGTCGAG	TATGGTAATTGTGTGCCAGCMGCCGCGGTAA	TATCGATT	AGTCAGTCAGCCGGACTACHVGGGTWTCTAAT		Dilution	45	25		x25_45	
x125.45	CGGTCGAG	TATGGTAATTGTGTGCCAGCMGCCGCGGTAA	CAATTGGT	AGTCAGTCAGCCGGACTACHVGGGTWTCTAAT		Dilution	45	125		x125_45	
x625.45	CGGTCGAG	TATGGTAATTGTGTGCCAGCMGCCGCGGTAA	ACTTCAGT	AGTCAGTCAGCCGGACTACHVGGGTWTCTAAT		Dilution	45	625		x625_45	
x3125.45	CGGTCGAG	TATGGTAATTGTGTGCCAGCMGCCGCGGTAA	GCGGCAAT	AGTCAGTCAGCCGGACTACHVGGGTWTCTAAT		Dilution	45	3,125		x3125_45	
x15625.45	CGGTCGAG	TATGGTAATTGTGTGCCAGCMGCCGCGGTAA	TAAGGTTG	AGTCAGTCAGCCGGACTACHVGGGTWTCTAAT		Dilution	45	15,625		x15625_45	
0.5	CGGTCGAG	TATGGTAATTGTGTGCCAGCMGCCGCGGTAA	TTATTAGG	AGTCAGTCAGCCGGACTACHVGGGTWTCTAAT		Dilution	50	0		x0_5	
1.5	CGGTCGAG	TATGGTAATTGTGTGCCAGCMGCCGCGGTAA	ATCAGAGG	AGTCAGTCAGCCGGACTACHVGGGTWTCTAAT		Dilution	50	1		x1_5	
x5.50	CGGTCGAG	TATGGTAATTGTGTGCCAGCMGCCGCGGTAA	CTCGACCG	AGTCAGTCAGCCGGACTACHVGGGTWTCTAAT		Dilution	50	5		x5_50	
x25.50	CGGTCGAG	TATGGTAATTGTGTGCCAGCMGCCGCGGTAA	GCCATTAG	AGTCAGTCAGCCGGACTACHVGGGTWTCTAAT		Dilution	50	25		x25_50	
x125.50	CGGTCGAG	TATGGTAATTGTGTGCCAGCMGCCGCGGTAA	CGCATGAG	AGTCAGTCAGCCGGACTACHVGGGTWTCTAAT		Dilution	50	125		x125_50	
x625.50	CGGTCGAG	TATGGTAATTGTGTGCCAGCMGCCGCGGTAA	CTCCGTTC	AGTCAGTCAGCCGGACTACHVGGGTWTCTAAT		Dilution	50	625		x625_50	
x3125.50	CGGTCGAG	TATGGTAATTGTGTGCCAGCMGCCGCGGTAA	GCGTAGGC	AGTCAGTCAGCCGGACTACHVGGGTWTCTAAT		Dilution	50	3,125		x3125_50	
x15625.50	CGGTCGAG	TATGGTAATTGTGTGCCAGCMGCCGCGGTAA	GGTAACGC	AGTCAGTCAGCCGGACTACHVGGGTWTCTAAT		Dilution	50	15,625		x15625_50	
0.55	GCCTACGC	TATGGTAATTGTGTGCCAGCMGCCGCGGTAA	TTATTAGG	AGTCAGTCAGCCGGACTACHVGGGTWTCTAAT		Dilution	55	0		x0_55	
1.55	GCCTACGC	TATGGTAATTGTGTGCCAGCMGCCGCGGTAA	ATCAGAGG	AGTCAGTCAGCCGGACTACHVGGGTWTCTAAT		Dilution	55	1		x1_55	
x5.55	GCCTACGC	TATGGTAATTGTGTGCCAGCMGCCGCGGTAA	CTCGACCG	AGTCAGTCAGCCGGACTACHVGGGTWTCTAAT		Dilution	55	5		x5_55	
x25.55	GCCTACGC	TATGGTAATTGTGTGCCAGCMGCCGCGGTAA	GCCATTAG	AGTCAGTCAGCCGGACTACHVGGGTWTCTAAT		Dilution	55	25		x25_55	
x125.55	GCCTACGC	TATGGTAATTGTGTGCCAGCMGCCGCGGTAA	CGCATGAG	AGTCAGTCAGCCGGACTACHVGGGTWTCTAAT		Dilution	55	125		x125_55	
x625.55	GCCTACGC	TATGGTAATTGTGTGCCAGCMGCCGCGGTAA	CTCCGTTC	AGTCAGTCAGCCGGACTACHVGGGTWTCTAAT		Dilution	55	625		x625_55	
x3125.55	GCCTACGC	TATGGTAATTGTGTGCCAGCMGCCGCGGTAA	GCGTAGGC	AGTCAGTCAGCCGGACTACHVGGGTWTCTAAT		Dilution	55	3,125		x3125_55	
x15625.55	GCCTACGC	TATGGTAATTGTGTGCCAGCMGCCGCGGTAA	GGTAACGC	AGTCAGTCAGCCGGACTACHVGGGTWTCTAAT		Dilution	55	15,625		x15625_55	